"column_name","gear_id","time","accession","sample_name"
"GEAR ID",NA,"Time","Accession number","Sample me"
"4",4,"26","GSM131066","Edwards_1-1_26hr_Rep1_ATH1"
"4.1",4,"30","GSM131067","Edwards_1-2_30hr_Rep1_ATH1"
"4.2",4,"34","GSM131068","Edwards_1-3_34hr_Rep1_ATH1"
"4.3",4,"38","GSM131069","Edwards_1-4_38hr_Rep1_ATH1"
"4.4",4,"42","GSM131070","Edwards_1-5_42hr_Rep1_ATH1"
"4.5",4,"46","GSM131071","Edwards_1-6_46hr_Rep1_ATH1"
"4.6",4,"50","GSM131072","Edwards_1-7_50hr_Rep1_ATH1"
"4.7",4,"54","GSM131073","Edwards_1-8_54hr_Rep1_ATH1"
"4.8",4,"58","GSM131074","Edwards_1-9_58hr_Rep1_ATH1"
"4.9",4,"62","GSM131075","Edwards_1-10_62hr_Rep1_ATH1"
"4.10",4,"66","GSM131076","Edwards_1-11_66hr_Rep1_ATH1"
"4.11",4,"70","GSM131077","Edwards_1-12_70hr_Rep1_ATH1"
"4.12",4,"74","GSM131078","Edwards_1-13_74hr_Rep1_ATH1"
"5",5,"24","GSM207286","Seedling_ConstantWhiteLight_24hr"
"5.1",5,"28","GSM207287","Seedling_ConstantWhiteLight_28hr"
"5.2",5,"32","GSM207288","Seedling_ConstantWhiteLight_32hr"
"5.3",5,"36","GSM207289","Seedling_ConstantWhiteLight_36hr"
"5.4",5,"40","GSM207290","Seedling_ConstantWhiteLight_40hr"
"5.5",5,"44","GSM207291","Seedling_ConstantWhiteLight_44hr"
"5.6",5,"48","GSM207292","Seedling_ConstantWhiteLight_48hr"
"5.7",5,"52","GSM207293","Seedling_ConstantWhiteLight_52hr"
"5.8",5,"56","GSM207294","Seedling_ConstantWhiteLight_56hr"
"5.9",5,"60","GSM207295","Seedling_ConstantWhiteLight_60hr"
"5.10",5,"64","GSM207296","Seedling_ConstantWhiteLight_64hr"
"5.11",5,"68","GSM207297","Seedling_ConstantWhiteLight_68hr"
"8",8,"0","LDHC_00.CEL","col_0_LDHC"
"8.1",8,"4","LDHC_04.CEL","col_4_LDHC"
"8.2",8,"8","LL_LDHC_08.CEL","col_8_LDHC"
"8.3",8,"12","LL_LDHC_12.CEL","col_12_LDHC"
"8.4",8,"16","LDHC_16.CEL","col_16_LDHC"
"8.5",8,"20","LDHC_20.CEL","col_20_LDHC"
"8.6",8,"24","LL_LDHC_24.CEL","col_24_LDHC"
"8.7",8,"28","LL_LDHC_28.CEL","col_28_LDHC"
"8.8",8,"32","LDHC_32.CEL","col_32_LDHC"
"8.9",8,"36","LL_LDHC_36.CEL","col_36_LDHC"
"8.10",8,"40","LL_LDHC_40.CEL","col_40_LDHC"
"8.11",8,"44","LL_LDHC_44.CEL","col_44_LDHC"
"14",14,"0","col_ID_00.CEL","col_ID_00_0"
"14.1",14,"4","col_ID_04.CEL","col_ID_04_1"
"14.2",14,"8","col_ID_08.CEL","col_ID_08_2"
"14.3",14,"12","col_ID_12.CEL","col_ID_12_3"
"14.4",14,"16","col_ID_16.CEL","col_ID_16_4"
"14.5",14,"20","col_ID_20.CEL","col_ID_20_5"
"15",15,"0","col_SD_00.CEL","col_SD_00_24"
"15.1",15,"4","col_SD_04.CEL","col_SD_04_25"
"15.2",15,"8","col_SD_08.CEL","col_SD_08_26"
"15.3",15,"12","col_SD_12.CEL","col_SD_12_27"
"15.4",15,"16","col_SD_16.CEL","col_SD_16_28"
"15.5",15,"20","col_SD_20.CEL","col_SD_20_29"
"17",17,"0","lux2_ID_00.CEL","lux2_ID_00_6"
"17.1",17,"4","lux2_ID_04.CEL","lux2_ID_04_7"
"17.2",17,"8","lux2_ID_08.CEL","lux2_ID_08_8"
"17.3",17,"12","lux2_ID_12.CEL","lux2_ID_12_9"
"17.4",17,"16","lux2_ID_16.CEL","lux2_ID_16_10"
"17.5",17,"20","lux2_ID_20.CEL","lux2_ID_20_11"
"26",26,"72","GSM915388","Col_ConstantLight_72hr"
"26.1",26,"76","GSM915389","Col_ConstantLight_76hr"
"26.2",26,"80","GSM915390","Col_ConstantLight_80hr"
"26.3",26,"84","GSM915391","Col_ConstantLight_84hr"
"26.4",26,"88","GSM915392","Col_ConstantLight_88hr"
"26.5",26,"92","GSM915393","Col_ConstantLight_92hr"
"26.6",26,"96","GSM915394","Col_ConstantLight_96hr"
"26.7",26,"100","GSM915395","Col_ConstantLight_100hr"
"26.8",26,"104","GSM915396","Col_ConstantLight_104hr"
"26.9",26,"108","GSM915397","Col_ConstantLight_108hr"
"26.10",26,"112","GSM915398","Col_ConstantLight_112hr"
"26.11",26,"116","GSM915399","Col_ConstantLight_116hr"
"27",27,"72","GSM915400","rve8_ConstantLight_72hr"
"27.1",27,"76","GSM915401","rve8_ConstantLight_76hr"
"27.2",27,"80","GSM915402","rve8_ConstantLight_80hr"
"27.3",27,"84","GSM915403","rve8_ConstantLight_84hr"
"27.4",27,"88","GSM915404","rve8_ConstantLight_88hr"
"27.5",27,"92","GSM915405","rve8_ConstantLight_92hr"
"27.6",27,"96","GSM915406","rve8_ConstantLight_96hr"
"27.7",27,"100","GSM915407","rve8_ConstantLight_100hr"
"27.8",27,"104","GSM915408","rve8_ConstantLight_104hr"
"27.9",27,"108","GSM915409","rve8_ConstantLight_108hr"
"27.10",27,"112","GSM915410","rve8_ConstantLight_112hr"
"27.11",27,"116","GSM915411","rve8_ConstantLight_116hr"
"28",28,"2","GSM1072470","Long days WT_ rep 1"
"28.1",28,"2","GSM1072471","Long days WT_ rep 2"
"28.2",28,"2","GSM1072472","Long days WT_ rep 3"
"28.3",28,"6","GSM1072473","Long days WT_ rep 1"
"28.4",28,"6","GSM1072474","Long days WT_ rep 2"
"28.5",28,"6","GSM1072475","Long days WT_ rep 3"
"28.6",28,"10","GSM1072476","Long days WT_ rep 1"
"28.7",28,"10","GSM1072477","Long days WT_ rep 2"
"28.8",28,"10","GSM1072478","Long days WT_ rep 3"
"28.9",28,"14","GSM1072479","Long days WT_ rep 1"
"28.10",28,"14","GSM1072480","Long days WT_ rep 2"
"28.11",28,"14","GSM1072481","Long days WT_ rep 3"
"28.12",28,"18","GSM1072482","Long days WT_ rep 1"
"28.13",28,"18","GSM1072483","Long days WT_ rep 2"
"28.14",28,"18","GSM1072484","Long days WT_ rep 3"
"28.15",28,"22","GSM1072485","Long days WT_ rep 1"
"28.16",28,"22","GSM1072486","Long days WT_ rep 2"
"28.17",28,"22","GSM1072487","Long days WT_ rep 3"
"29",29,"2","GSM1072488","Long days LL_ rep 1"
"29.1",29,"2","GSM1072489","Long days LL_ rep 2"
"29.2",29,"2","GSM1072490","Long days LL_ rep 3"
"29.3",29,"6","GSM1072491","Long days LL_ rep 1"
"29.4",29,"6","GSM1072492","Long days LL_ rep 2"
"29.5",29,"6","GSM1072493","Long days LL_ rep 3"
"29.6",29,"10","GSM1072494","Long days LL_ rep 1"
"29.7",29,"10","GSM1072495","Long days LL_ rep 2"
"29.8",29,"10","GSM1072496","Long days LL_ rep 3"
"29.9",29,"14","GSM1072497","Long days LL_ rep 1"
"29.10",29,"14","GSM1072498","Long days LL_ rep 2"
"29.11",29,"14","GSM1072499","Long days LL_ rep 3"
"29.12",29,"18","GSM1072500","Long days LL_ rep 1"
"29.13",29,"18","GSM1072501","Long days LL_ rep 2"
"29.14",29,"18","GSM1072502","Long days LL_ rep 3"
"29.15",29,"22","GSM1072503","Long days LL_ rep 1"
"29.16",29,"22","GSM1072504","Long days LL_ rep 2"
"29.17",29,"22","GSM1072505","Long days LL_ rep 3"
"30",30,"0","GSM1219252","LD ZT0 at day 9, Whole leaf"
"30.1",30,"4","GSM1219253","LD ZT4 at day 9, Whole leaf"
"30.2",30,"8","GSM1219254","LD ZT8 at day 9, Whole leaf"
"30.3",30,"12","GSM1219255","LD ZT12 at day 9, Whole leaf"
"30.4",30,"16","GSM1219256","LD ZT16 at day 9, Whole leaf"
"30.5",30,"20","GSM1219257","LD ZT20 at day 9, Whole leaf"
"30.6",30,"24","GSM1219258","LD ZT0 at day 10, Whole leaf"
"30.7",30,"28","GSM1219259","LD ZT4 at day 10, Whole leaf"
"30.8",30,"32","GSM1219260","LD ZT8 at day 10, Whole leaf"
"30.9",30,"36","GSM1219261","LD ZT12 at day 10, Whole leaf"
"30.10",30,"40","GSM1219262","LD ZT16 at day 10, Whole leaf"
"30.11",30,"44","GSM1219263","LD ZT20 at day 10, Whole leaf"
"31",31,"0","GSM1219264","LD ZT0 at day 9, Mesophyll"
"31.1",31,"4","GSM1219265","LD ZT4 at day 9, Mesophyll"
"31.2",31,"8","GSM1219266","LD ZT8 at day 9, Mesophyll"
"31.3",31,"12","GSM1219267","LD ZT12 at day 9, Mesophyll"
"31.4",31,"16","GSM1219268","LD ZT16 at day 9, Mesophyll"
"31.5",31,"20","GSM1219269","LD ZT20 at day 9, Mesophyll"
"31.6",31,"24","GSM1219270","LD ZT0 at day 10, Mesophyll"
"31.7",31,"28","GSM1219271","LD ZT4 at day 10, Mesophyll"
"31.8",31,"32","GSM1219272","LD ZT8 at day 10, Mesophyll"
"31.9",31,"36","GSM1219273","LD ZT12 at day 10, Mesophyll"
"31.10",31,"40","GSM1219274","LD ZT16 at day 10, Mesophyll"
"31.11",31,"44","GSM1219275","LD ZT20 at day 10, Mesophyll"
"32",32,"0","GSM1219276","LD ZT0 at day 9, Vasculature"
"32.1",32,"4","GSM1219277","LD ZT4 at day 9, Vasculature"
"32.2",32,"8","GSM1219278","LD ZT8 at day 9, Vasculature"
"32.3",32,"12","GSM1219279","LD ZT12 at day 9, Vasculature"
"32.4",32,"16","GSM1219280","LD ZT16 at day 9, Vasculature"
"32.5",32,"20","GSM1219281","LD ZT20 at day 9, Vasculature"
"32.6",32,"24","GSM1219282","LD ZT0 at day 10, Vasculature"
"32.7",32,"28","GSM1219283","LD ZT4 at day 10, Vasculature"
"32.8",32,"32","GSM1219284","LD ZT8 at day 10, Vasculature"
"32.9",32,"36","GSM1219285","LD ZT12 at day 10, Vasculature"
"32.10",32,"40","GSM1219286","LD ZT16 at day 10, Vasculature"
"32.11",32,"44","GSM1219287","LD ZT20 at day 10, Vasculature"
"33",33,"0","GSM1219288","SD ZT0 at day 9, Whole leaf"
"33.1",33,"4","GSM1219289","SD ZT4 at day 9, Whole leaf"
"33.2",33,"8","GSM1219290","SD ZT8 at day 9, Whole leaf"
"33.3",33,"12","GSM1219291","SD ZT12 at day 9, Whole leaf"
"33.4",33,"16","GSM1219292","SD ZT16 at day 9, Whole leaf"
"33.5",33,"20","GSM1219293","SD ZT20 at day 9, Whole leaf"
"33.6",33,"24","GSM1219294","SD ZT0 at day 10, Whole leaf"
"33.7",33,"28","GSM1219295","SD ZT4 at day 10, Whole leaf"
"33.8",33,"32","GSM1219296","SD ZT8 at day 10, Whole leaf"
"33.9",33,"36","GSM1219297","SD ZT12 at day 10, Whole leaf"
"33.10",33,"40","GSM1219298","SD ZT16 at day 10, Whole leaf"
"33.11",33,"44","GSM1219299","SD ZT20 at day 10, Whole leaf"
"34",34,"0","GSM1219300","SD ZT0 at day 9, Mesophyll"
"34.1",34,"4","GSM1219301","SD ZT4 at day 9, Mesophyll"
"34.2",34,"8","GSM1219302","SD ZT8 at day 9, Mesophyll"
"34.3",34,"12","GSM1219303","SD ZT12 at day 9, Mesophyll"
"34.4",34,"16","GSM1219304","SD ZT16 at day 9, Mesophyll"
"34.5",34,"20","GSM1219305","SD ZT20 at day 9, Mesophyll"
"34.6",34,"24","GSM1219306","SD ZT0 at day 10, Mesophyll"
"34.7",34,"28","GSM1219307","SD ZT4 at day 10, Mesophyll"
"34.8",34,"32","GSM1219308","SD ZT8 at day 10, Mesophyll"
"34.9",34,"36","GSM1219309","SD ZT12 at day 10, Mesophyll"
"34.10",34,"40","GSM1219310","SD ZT16 at day 10, Mesophyll"
"34.11",34,"44","GSM1219311","SD ZT20 at day 10, Mesophyll"
"35",35,"0","GSM1219312","SD ZT0 at day 9, Vasculature"
"35.1",35,"4","GSM1219313","SD ZT4 at day 9, Vasculature"
"35.2",35,"8","GSM1219314","SD ZT8 at day 9, Vasculature"
"35.3",35,"12","GSM1219315","SD ZT12 at day 9, Vasculature"
"35.4",35,"16","GSM1219316","SD ZT16 at day 9, Vasculature"
"35.5",35,"20","GSM1219317","SD ZT20 at day 9, Vasculature"
"35.6",35,"24","GSM1219318","SD ZT0 at day 10, Vasculature"
"35.7",35,"28","GSM1219319","SD ZT4 at day 10, Vasculature"
"35.8",35,"32","GSM1219320","SD ZT8 at day 10, Vasculature"
"35.9",35,"36","GSM1219321","SD ZT12 at day 10, Vasculature"
"35.10",35,"40","GSM1219322","SD ZT16 at day 10, Vasculature"
"35.11",35,"44","GSM1219323","SD ZT20 at day 10, Vasculature"
"46",46,"20","SRX2762805","Col-0_time_course_at_27C_collected_at_ZT-4_SRX2762805"
"46.1",46,"22","SRX2762803","Col-0_time_course_at_27C_collected_at_ZT-2_SRX2762803"
"46.2",46,"24","SRX2762801","Col-0_time_course_at_27C_collected_at_ZT0_SRX2762801"
"46.3",46,"25","SRX2762799","Col-0_time_course_at_27C_collected_at_ZT1_SRX2762799"
"46.4",46,"28","SRX2762797","Col-0_time_course_at_27C_collected_at_ZT4_SRX2762797"
"46.5",46,"32","SRX2762795","Col-0_time_course_at_27C_collected_at_ZT8_SRX2762795"
"46.6",46,"36","SRX2762809","Col-0_time_course_at_27C_collected_at_ZT-12_SRX2762809"
"46.7",46,"40","SRX2762807","Col-0_time_course_at_27C_collected_at_ZT-8_SRX2762807"
"48",48,"20","SRX2762789","elf3-1_time_course_at_27C_collected_at_ZT-4_SRX2762789"
"48.1",48,"22","SRX2762787","elf3-1_time_course_at_27C_collected_at_ZT-2_SRX2762787"
"48.2",48,"24","SRX2762785","elf3-1_time_course_at_27C_collected_at_ZT0_SRX2762785"
"48.3",48,"25","SRX2762783","elf3-1_time_course_at_27C_collected_at_ZT1_SRX2762783"
"48.4",48,"28","SRX2762781","elf3-1_time_course_at_27C_collected_at_ZT4_SRX2762781"
"48.5",48,"32","SRX2762779","elf3-1_time_course_at_27C_collected_at_ZT8_SRX2762779"
"48.6",48,"36","SRX2762793","elf3-1_time_course_at_27C_collected_at_ZT-12_SRX2762793"
"48.7",48,"40","SRX2762791","elf3-1_time_course_at_27C_collected_at_ZT-8_SRX2762791"
"50",50,"20","SRX2762773","lux-4_time_course_at_27C_collected_at_ZT-4_SRX2762773"
"50.1",50,"22","SRX2762771","lux-4_time_course_at_27C_collected_at_ZT-2_SRX2762771"
"50.2",50,"24","SRX2762769","lux-4_time_course_at_27C_collected_at_ZT0_SRX2762769"
"50.3",50,"25","SRX2762767","lux-4_time_course_at_27C_collected_at_ZT1_SRX2762767"
"50.4",50,"28","SRX2762765","lux-4_time_course_at_27C_collected_at_ZT4_SRX2762765"
"50.5",50,"32","SRX2762763","lux-4_time_course_at_27C_collected_at_ZT8_SRX2762763"
"50.6",50,"36","SRX2762777","lux-4_time_course_at_27C_collected_at_ZT-12_SRX2762777"
"50.7",50,"40","SRX2762775","lux-4_time_course_at_27C_collected_at_ZT-8_SRX2762775"
"51",51,"0","16L8D(Vasculature)","16L8D(Vasculature)"
"51.1",51,"4","16L8D(Vasculature)","16L8D(Vasculature)"
"51.2",51,"8","16L8D(Vasculature)","16L8D(Vasculature)"
"51.3",51,"12","16L8D(Vasculature)","16L8D(Vasculature)"
"51.4",51,"16","16L8D(Vasculature)","16L8D(Vasculature)"
"51.5",51,"20","16L8D(Vasculature)","16L8D(Vasculature)"
"52",52,"0","8L16D(Vasculature)","8L16D(Vasculature)"
"52.1",52,"4","8L16D(Vasculature)","8L16D(Vasculature)"
"52.2",52,"8","8L16D(Vasculature)","8L16D(Vasculature)"
"52.3",52,"12","8L16D(Vasculature)","8L16D(Vasculature)"
"52.4",52,"16","8L16D(Vasculature)","8L16D(Vasculature)"
"52.5",52,"20","8L16D(Vasculature)","8L16D(Vasculature)"
"58",58,"2","GSM3184387","ZT2_seedling_1"
"58.1",58,"2","GSM3184388","ZT2_seedling_10"
"58.2",58,"2","GSM3184389","ZT2_seedling_11"
"58.3",58,"2","GSM3184390","ZT2_seedling_12"
"58.4",58,"2","GSM3184391","ZT2_seedling_14"
"58.5",58,"2","GSM3184392","ZT2_seedling_15"
"58.6",58,"2","GSM3184393","ZT2_seedling_16"
"58.7",58,"2","GSM3184394","ZT2_seedling_3"
"58.8",58,"2","GSM3184395","ZT2_seedling_4"
"58.9",58,"2","GSM3184396","ZT2_seedling_5"
"58.10",58,"2","GSM3184397","ZT2_seedling_6"
"58.11",58,"2","GSM3184398","ZT2_seedling_7"
"58.12",58,"2","GSM3184399","ZT2_seedling_8"
"58.13",58,"2","GSM3184400","ZT2_seedling_9"
"58.14",58,"4","GSM3184401","ZT4_seedling_1"
"58.15",58,"4","GSM3184402","ZT4_seedling_10"
"58.16",58,"4","GSM3184403","ZT4_seedling_13"
"58.17",58,"4","GSM3184404","ZT4_seedling_14"
"58.18",58,"4","GSM3184405","ZT4_seedling_15"
"58.19",58,"4","GSM3184406","ZT4_seedling_16"
"58.20",58,"4","GSM3184407","ZT4_seedling_2"
"58.21",58,"4","GSM3184408","ZT4_seedling_3"
"58.22",58,"4","GSM3184409","ZT4_seedling_4"
"58.23",58,"4","GSM3184410","ZT4_seedling_5"
"58.24",58,"4","GSM3184411","ZT4_seedling_6"
"58.25",58,"4","GSM3184412","ZT4_seedling_7"
"58.26",58,"4","GSM3184413","ZT4_seedling_8"
"58.27",58,"4","GSM3184414","ZT4_seedling_9"
"58.28",58,"6","GSM3184415","ZT6_seedling_1"
"58.29",58,"6","GSM3184416","ZT6_seedling_10"
"58.30",58,"6","GSM3184417","ZT6_seedling_11"
"58.31",58,"6","GSM3184418","ZT6_seedling_14"
"58.32",58,"6","GSM3184419","ZT6_seedling_15"
"58.33",58,"6","GSM3184420","ZT6_seedling_16"
"58.34",58,"6","GSM3184421","ZT6_seedling_2"
"58.35",58,"6","GSM3184422","ZT6_seedling_3"
"58.36",58,"6","GSM3184423","ZT6_seedling_4"
"58.37",58,"6","GSM3184424","ZT6_seedling_5"
"58.38",58,"6","GSM3184425","ZT6_seedling_6"
"58.39",58,"6","GSM3184426","ZT6_seedling_7"
"58.40",58,"6","GSM3184427","ZT6_seedling_8"
"58.41",58,"6","GSM3184428","ZT6_seedling_9"
"58.42",58,"8","GSM3184429","ZT8_seedling_1"
"58.43",58,"8","GSM3184430","ZT8_seedling_10"
"58.44",58,"8","GSM3184431","ZT8_seedling_11"
"58.45",58,"8","GSM3184432","ZT8_seedling_12"
"58.46",58,"8","GSM3184433","ZT8_seedling_13"
"58.47",58,"8","GSM3184434","ZT8_seedling_14"
"58.48",58,"8","GSM3184435","ZT8_seedling_16"
"58.49",58,"8","GSM3184436","ZT8_seedling_2"
"58.50",58,"8","GSM3184437","ZT8_seedling_3"
"58.51",58,"8","GSM3184438","ZT8_seedling_4"
"58.52",58,"8","GSM3184439","ZT8_seedling_5"
"58.53",58,"8","GSM3184440","ZT8_seedling_6"
"58.54",58,"8","GSM3184441","ZT8_seedling_7"
"58.55",58,"8","GSM3184442","ZT8_seedling_9"
"58.56",58,"10","GSM3184443","ZT10_seedling_1"
"58.57",58,"10","GSM3184444","ZT10_seedling_10"
"58.58",58,"10","GSM3184445","ZT10_seedling_11"
"58.59",58,"10","GSM3184446","ZT10_seedling_13"
"58.60",58,"10","GSM3184447","ZT10_seedling_14"
"58.61",58,"10","GSM3184448","ZT10_seedling_16"
"58.62",58,"10","GSM3184449","ZT10_seedling_2"
"58.63",58,"10","GSM3184450","ZT10_seedling_3"
"58.64",58,"10","GSM3184451","ZT10_seedling_4"
"58.65",58,"10","GSM3184452","ZT10_seedling_5"
"58.66",58,"10","GSM3184453","ZT10_seedling_6"
"58.67",58,"10","GSM3184454","ZT10_seedling_7"
"58.68",58,"10","GSM3184455","ZT10_seedling_8"
"58.69",58,"10","GSM3184456","ZT10_seedling_9"
"58.70",58,"12","GSM3184457","ZT12_seedling_1"
"58.71",58,"12","GSM3184458","ZT12_seedling_10"
"58.72",58,"12","GSM3184459","ZT12_seedling_11"
"58.73",58,"12","GSM3184460","ZT12_seedling_12"
"58.74",58,"12","GSM3184461","ZT12_seedling_13"
"58.75",58,"12","GSM3184462","ZT12_seedling_14"
"58.76",58,"12","GSM3184463","ZT12_seedling_15"
"58.77",58,"12","GSM3184464","ZT12_seedling_16"
"58.78",58,"12","GSM3184465","ZT12_seedling_2"
"58.79",58,"12","GSM3184466","ZT12_seedling_5"
"58.80",58,"12","GSM3184467","ZT12_seedling_6"
"58.81",58,"12","GSM3184468","ZT12_seedling_7"
"58.82",58,"12","GSM3184469","ZT12_seedling_8"
"58.83",58,"12","GSM3184470","ZT12_seedling_9"
"58.84",58,"14","GSM3184471","ZT14_seedling_1"
"58.85",58,"14","GSM3184472","ZT14_seedling_11"
"58.86",58,"14","GSM3184473","ZT14_seedling_12"
"58.87",58,"14","GSM3184474","ZT14_seedling_13"
"58.88",58,"14","GSM3184475","ZT14_seedling_14"
"58.89",58,"14","GSM3184476","ZT14_seedling_15"
"58.90",58,"14","GSM3184477","ZT14_seedling_16"
"58.91",58,"14","GSM3184478","ZT14_seedling_2"
"58.92",58,"14","GSM3184479","ZT14_seedling_4"
"58.93",58,"14","GSM3184480","ZT14_seedling_5"
"58.94",58,"14","GSM3184481","ZT14_seedling_6"
"58.95",58,"14","GSM3184482","ZT14_seedling_7"
"58.96",58,"14","GSM3184483","ZT14_seedling_8"
"58.97",58,"14","GSM3184484","ZT14_seedling_9"
"58.98",58,"16","GSM3184485","ZT16_seedling_1"
"58.99",58,"16","GSM3184486","ZT16_seedling_10"
"58.100",58,"16","GSM3184487","ZT16_seedling_11"
"58.101",58,"16","GSM3184488","ZT16_seedling_13"
"58.102",58,"16","GSM3184489","ZT16_seedling_14"
"58.103",58,"16","GSM3184490","ZT16_seedling_15"
"58.104",58,"16","GSM3184491","ZT16_seedling_16"
"58.105",58,"16","GSM3184492","ZT16_seedling_2"
"58.106",58,"16","GSM3184493","ZT16_seedling_3"
"58.107",58,"16","GSM3184494","ZT16_seedling_4"
"58.108",58,"16","GSM3184495","ZT16_seedling_5"
"58.109",58,"16","GSM3184496","ZT16_seedling_6"
"58.110",58,"16","GSM3184497","ZT16_seedling_7"
"58.111",58,"16","GSM3184498","ZT16_seedling_9"
"58.112",58,"18","GSM3184499","ZT18_seedling_1"
"58.113",58,"18","GSM3184500","ZT18_seedling_10"
"58.114",58,"18","GSM3184501","ZT18_seedling_11"
"58.115",58,"18","GSM3184502","ZT18_seedling_12"
"58.116",58,"18","GSM3184503","ZT18_seedling_13"
"58.117",58,"18","GSM3184504","ZT18_seedling_14"
"58.118",58,"18","GSM3184505","ZT18_seedling_15"
"58.119",58,"18","GSM3184506","ZT18_seedling_16"
"58.120",58,"18","GSM3184507","ZT18_seedling_2"
"58.121",58,"18","GSM3184508","ZT18_seedling_3"
"58.122",58,"18","GSM3184509","ZT18_seedling_5"
"58.123",58,"18","GSM3184510","ZT18_seedling_7"
"58.124",58,"18","GSM3184511","ZT18_seedling_8"
"58.125",58,"18","GSM3184512","ZT18_seedling_9"
"58.126",58,"20","GSM3184513","ZT20_seedling_1"
"58.127",58,"20","GSM3184514","ZT20_seedling_10"
"58.128",58,"20","GSM3184515","ZT20_seedling_11"
"58.129",58,"20","GSM3184516","ZT20_seedling_12"
"58.130",58,"20","GSM3184517","ZT20_seedling_13"
"58.131",58,"20","GSM3184518","ZT20_seedling_14"
"58.132",58,"20","GSM3184519","ZT20_seedling_15"
"58.133",58,"20","GSM3184520","ZT20_seedling_16"
"58.134",58,"20","GSM3184521","ZT20_seedling_3"
"58.135",58,"20","GSM3184522","ZT20_seedling_4"
"58.136",58,"20","GSM3184523","ZT20_seedling_5"
"58.137",58,"20","GSM3184524","ZT20_seedling_7"
"58.138",58,"20","GSM3184525","ZT20_seedling_8"
"58.139",58,"20","GSM3184526","ZT20_seedling_9"
"58.140",58,"22","GSM3184527","ZT22_seedling_1"
"58.141",58,"22","GSM3184528","ZT22_seedling_10"
"58.142",58,"22","GSM3184529","ZT22_seedling_11"
"58.143",58,"22","GSM3184530","ZT22_seedling_12"
"58.144",58,"22","GSM3184531","ZT22_seedling_13"
"58.145",58,"22","GSM3184532","ZT22_seedling_14"
"58.146",58,"22","GSM3184533","ZT22_seedling_15"
"58.147",58,"22","GSM3184534","ZT22_seedling_16"
"58.148",58,"22","GSM3184535","ZT22_seedling_2"
"58.149",58,"22","GSM3184536","ZT22_seedling_3"
"58.150",58,"22","GSM3184537","ZT22_seedling_4"
"58.151",58,"22","GSM3184538","ZT22_seedling_5"
"58.152",58,"22","GSM3184539","ZT22_seedling_8"
"58.153",58,"22","GSM3184540","ZT22_seedling_9"
"58.154",58,"24","GSM3184541","ZT24_seedling_1"
"58.155",58,"24","GSM3184542","ZT24_seedling_10"
"58.156",58,"24","GSM3184543","ZT24_seedling_12"
"58.157",58,"24","GSM3184544","ZT24_seedling_13"
"58.158",58,"24","GSM3184545","ZT24_seedling_14"
"58.159",58,"24","GSM3184546","ZT24_seedling_15"
"58.160",58,"24","GSM3184547","ZT24_seedling_16"
"58.161",58,"24","GSM3184548","ZT24_seedling_2"
"58.162",58,"24","GSM3184549","ZT24_seedling_4"
"58.163",58,"24","GSM3184550","ZT24_seedling_5"
"58.164",58,"24","GSM3184551","ZT24_seedling_6"
"58.165",58,"24","GSM3184552","ZT24_seedling_7"
"58.166",58,"24","GSM3184553","ZT24_seedling_8"
"58.167",58,"24","GSM3184554","ZT24_seedling_9"
"75",75,"49","NT220_WT49","WT49"
"75.1",75,"53","NT220_WT53","WT53"
"75.2",75,"57","NT220_WT57","WT57"
"75.3",75,"61","NT220_WT61","WT61"
"75.4",75,"65","NT220_WT65","WT65"
"75.5",75,"69","NT220_WT69","WT69"
"76",76,"49","NT220_P3_49","PRR3-OX49"
"76.1",76,"53","NT220_P3_53","PRR3-OX53"
"76.2",76,"57","NT220_P3_57","PRR3-OX57"
"76.3",76,"61","NT220_P3_61","PRR3-OX61"
"76.4",76,"65","NT220_P3_65","PRR3-OX65"
"76.5",76,"69","NT220_P3_69","PRR3-OX69"
"77",77,"49","NT221_prr975_49","prr975_49"
"77.1",77,"53","NT221_prr975_53","prr975_53"
"77.2",77,"57","NT221_prr975_57","prr975_57"
"77.3",77,"61","NT221_prr975_61","prr975_61"
"77.4",77,"65","NT221_prr975_65","prr975_65"
"77.5",77,"69","NT221_prr975_69","prr975_69"
"78",78,"4","LD_4 h","LD_4 h"
"78.1",78,"8","LD_8 h","LD_8 h"
"78.2",78,"12","LD_12 h","LD_12 h"
"78.3",78,"16","LD_16 h","LD_16 h"
"78.4",78,"20","LD_20 h","LD_20 h"
"78.5",78,"24","LD_24 h","LD_24 h"
"78.6",78,"28","LD_28 h","LD_28 h"
"78.7",78,"32","LD_32 h","LD_32 h"
"78.8",78,"36","LD_36 h","LD_36 h"
"78.9",78,"40","LD_40 h","LD_40 h"
"78.10",78,"44","LD_44 h","LD_44 h"
"78.11",78,"48","LD_48 h","LD_48 h"
"78.12",78,"52","LD_52 h","LD_52 h"
"78.13",78,"56","LD_56 h","LD_56 h"
"78.14",78,"60","LD_60 h","LD_60 h"
"78.15",78,"64","LD_64 h","LD_64 h"
"78.16",78,"68","LD_68 h","LD_68 h"
"78.17",78,"72","LD_72 h","LD_72 h"
