"AGI","n_entries","AAATATCT","AATATCT","AAAAATCT","AACCAC","CCACAC","CACGTG","total_hits_all"
"AT3G57430",1,2,3,0,1,4,0,10
"AT3G16010",1,1,1,0,1,1,2,6
"AT1G09680",1,0,0,0,3,1,0,4
"AT2G31400",1,0,0,0,3,1,0,4
"AT4G33170",1,0,1,0,1,2,0,4
"AT1G05750",1,0,0,0,1,2,0,3
"AT1G25360",1,0,0,0,2,0,1,3
"AT2G21090",1,0,0,0,2,1,0,3
"AT3G49240",1,0,0,0,2,1,0,3
"AT4G31850",1,0,0,1,0,1,1,3
"AT5G02860",1,0,0,1,1,0,1,3
"AT1G19720",1,0,1,0,1,0,0,2
"AT1G80550",1,0,0,0,2,0,0,2
"AT2G16650",1,0,0,1,1,0,0,2
"AT2G18520",1,0,0,0,1,1,0,2
"AT2G44880",1,0,0,0,1,1,0,2
"AT3G03580",1,0,1,0,1,0,0,2
"AT3G04760",1,0,0,1,1,0,0,2
"AT3G14580",1,0,1,0,1,0,0,2
"AT3G22670",1,0,1,0,1,0,0,2
"AT3G61360",1,0,1,0,0,1,0,2
"AT4G14820",1,0,0,0,2,0,0,2
"AT4G16390",1,0,0,0,1,1,0,2
"AT4G18520",1,0,0,0,1,0,1,2
"AT4G18840",1,0,0,0,2,0,0,2
"AT4G38150",1,0,0,0,1,1,0,2
"AT5G13770",1,0,0,0,2,0,0,2
"AT5G65560",1,0,0,0,1,1,0,2
"AT1G02420",1,0,0,0,1,0,0,1
"AT1G13410",1,0,1,0,0,0,0,1
"AT1G20300",1,0,0,0,1,0,0,1
"AT1G62350",1,0,0,0,1,0,0,1
"AT1G71210",1,0,0,0,1,0,0,1
"AT1G74850",1,0,0,0,1,0,0,1
"AT1G77405",1,0,0,0,0,1,0,1
"AT2G15820",1,0,0,0,0,1,0,1
"AT2G28050",1,0,0,0,1,0,0,1
"AT2G36240",1,0,0,0,1,0,0,1
"AT2G36730",1,0,0,0,1,0,0,1
"AT3G02490",1,0,0,0,0,1,0,1
"AT3G09040",1,0,0,1,0,0,0,1
"AT3G21470",1,0,0,0,0,0,1,1
"AT4G20740",1,0,0,0,1,0,0,1
"AT4G36680",1,0,0,1,0,0,0,1
"AT5G10690",1,0,0,0,0,1,0,1
"AT5G19020",1,0,1,0,0,0,0,1
"AT5G39980",1,0,0,0,0,1,0,1
"AT5G42450",1,0,0,0,0,1,0,1
"AT5G50280",1,0,0,0,1,0,0,1
"AT5G57250",1,0,0,0,0,0,1,1
"AT5G60960",1,0,0,0,1,0,0,1
"AT1G08610",1,0,0,0,0,0,0,0
"AT1G18900",1,0,0,0,0,0,0,0
"AT1G26900",1,0,0,0,0,0,0,0
"AT1G31920",1,0,0,0,0,0,0,0
"AT1G60770",1,0,0,0,0,0,0,0
"AT1G64580",1,0,0,0,0,0,0,0
"AT1G74750",1,0,0,0,0,0,0,0
"AT1G79080",1,0,0,0,0,0,0,0
"AT2G17670",1,0,0,0,0,0,0,0
"AT2G41080",1,0,0,0,0,0,0,0
"AT3G05340",1,0,0,0,0,0,0,0
"AT3G13770",1,0,0,0,0,0,0,0
"AT3G23330",1,0,0,0,0,0,0,0
"AT3G59040",1,0,0,0,0,0,0,0
"AT4G14170",1,0,0,0,0,0,0,0
"AT5G03560",1,0,0,0,0,0,0,0
"AT5G09450",1,0,0,0,0,0,0,0
"AT5G14080",1,0,0,0,0,0,0,0
"AT5G16420",1,0,0,0,0,0,0,0
"AT5G61370",1,0,0,0,0,0,0,0
