"AGI","n_photoperiods_robust","conditions_robust","phase_circSD_h","strength_sum","strength_score","n_entries","AAATATCT","AATATCT","AAAAATCT","AACCAC","CCACAC","CACGTG","total_hits_all","n_motif_types_present","photoperiod_score","phase_score","motif_score","priority_score"
"AT5G13770",4,"12L12D;12L12D_LL;16L8D;8L16D",0.557530742070608,8.76977401033898,36.5407250430791,1,0,0,0,2,0,0,2,1,60,30,5.5,56.9307321070268
"AT5G02860",2,"12L12D;12L12D_LL",0.700367667450187,3.42932002070886,14.2888334196203,1,0,0,1,1,0,1,3,3,30,30,9,35.8588583807911
"AT1G19720",2,"12L12D;8L16D",0.0423409781097704,3.6008357318336,15.0034822159733,1,0,1,0,1,0,0,2,2,30,30,6,35.2519152187853
"AT4G18520",2,"12L12D;8L16D",0.063105210746007,3.52131144311005,14.6721310129585,1,0,0,0,1,0,1,2,2,30,30,6,35.0696720571272
"AT1G31920",2,"12L12D;12L12D_LL",0.751221972938643,3.35738285920023,13.9890952466676,1,0,0,0,0,0,0,0,0,30,30,0,32.6940023856672
"AT3G57430",1,"12L12D",Inf,2.1778215276436,9.07425636518165,1,2,3,0,1,4,0,10,4,15,0,27,18.9908410008499
"AT3G16010",1,"12L12D",Inf,1.7151059483609,7.1462747848371,1,1,1,0,1,1,2,6,5,15,0,17.5,14.7637844649937
"AT5G04810",1,"12L12D_LL",Inf,1.45017619090408,6.04240079543365,1,0,1,0,4,1,0,6,3,15,0,16.5,13.8233204374885
"AT1G05750",1,"12L12D",Inf,2.1521127178219,8.96713632425793,1,0,0,0,1,2,0,3,2,15,0,8.5,12.7652583116752
"AT5G50280",1,"12L12D",Inf,2.56331297978127,10.6804707490886,1,0,0,0,1,0,0,1,1,15,0,3,11.8742589119988
